{"Point0": {"TK": [1360.0, 1360.0, 1359.0, 1358.0, 1357.0, 1356.0, 1355.0, 1354.0, 1353.0, 1352.0, 1351.0, 1350.0, 1349.0, 1348.0, 1347.0, 1346.0, 1345.0, 1344.0, 1343.0, 1342.0, 1341.0, 1340.0, 1339.0, 1338.0, 1337.0, 1336.0, 1335.0, 1334.0, 1333.0, 1332.0, 1331.0, 1330.0, 1329.0, 1328.0, 1327.0, 1326.0, 1325.0, 1324.0, 1323.0, 1322.0, 1321.0, 1320.0, 1319.0, 1318.0, 1317.0, 1316.0, 1315.0, 1314.0, 1313.0, 1312.0, 1311.0, 1310.0, 1309.0, 1308.0, 1307.0, 1306.0, 1305.0, 1304.0, 1303.0, 1302.0, 1301.0, 1300.0, 1299.0, 1298.0, 1297.0, 1296.0, 1295.0, 1295.0], "FCC_A1": [0.0, 0.0, 0.0, 0.0, 0.9911679226534487, 0.004991652918793453, 0.0013891817426825508, 0.0006524414067224323, 0.0003789440999797593, 0.0002476186959374849, 0.0001744785667974037, 0.0001295742296768537, 0.00010002890904855373, 7.955503622650713e-05, 6.478375407636283e-05, 5.377721215576975e-05, 4.535625170132022e-05, 3.87698395930386e-05, 3.352117142791324e-05, 2.927095062581161e-05, 2.5781037328166395e-05, 2.288029302174209e-05, 2.044316760074594e-05, 1.8375860426008084e-05, 1.6607152077199048e-05, 1.5082181002086177e-05, 1.3758129125486722e-05, 1.2601186432909123e-05, 1.1584368590199982e-05, 1.0685925558074504e-05, 9.88816949417872e-06, 9.176599030166015e-06, 8.539229461446637e-06, 7.966092090815437e-06, 7.448836865494138e-06, 6.980428024470223e-06, 6.554903187479915e-06, 6.167183032611745e-06, 5.812918409683446e-06, 5.488367816584082e-06, 5.1902991240103566e-06, 4.915908187011095e-06, 4.662750593027941e-06, 4.428692875250878e-06, 4.211859214233924e-06, 4.0106014066768916e-06, 3.823462516100049e-06, 3.6491518346129814e-06, 3.4865233626250826e-06, 3.334556664414224e-06, 3.1923391968600953e-06, 3.0590550636165445e-06, 2.933971579860592e-06, 2.8164292395103358e-06, 2.705834407818364e-06, 2.601649826055223e-06, 2.503390012900038e-06, 2.4106140290807165e-06, 2.322921489416256e-06, 2.239947623908411e-06, 2.161360002502387e-06, 2.0868550148307224e-06, 2.0161547497803316e-06, 1.949004601931101e-06, 1.885170945795419e-06, 1.8244389576010449e-06, 1.7666109605877245e-06, 0.0], "LIQUID": [1.0, 1.0, 1.0, 1.0, 0.008832077346551337, 0.0038404244277578936, 0.00245124268507535, 0.0017988012783529683, 0.0014198571783732294, 0.0011722384824357501, 0.0009977599156383299, 0.0008681856859614756, 0.0007681567769128872, 0.000688601740686412, 0.0006238179866100424, 0.0005700407744543279, 0.000524684522753005, 0.00048591468315994923, 0.0004523935117319855, 0.00042312256110621504, 0.00039734152377801646, 0.00037446123075624005, 0.00035401806315549234, 0.0003356422027295247, 0.0003190350506523387, 0.00030395286965023693, 0.0002901947405247185, 0.0002775935540918484, 0.00026600918550168107, 0.00025532325994359617, 0.00024543509044938627, 0.00023625849141917232, 0.0002277192619577484, 0.00021975316986688753, 0.0002123043330013452, 0.0002053239049768507, 0.0001987690017893895, 0.00019260181875679905, 0.00018678890034706797, 0.00018130053253051504, 0.00017611023340646792, 0.00017119432521950362, 0.00016653157462642731, 0.0001621028817512249, 0.00015789102253693788, 0.00015388042113029243, 0.00015005695861414203, 0.00014640780677954712, 0.00014292128341697463, 0.00013958672675251638, 0.00013639438755563837, 0.0001333353324920461, 0.00013040136091213572, 0.00012758493167264184, 0.00012487909726477397, 0.00012227744743875668, 0.00011977405742580327, 0.0001173634433967452, 0.00011504052190736136, 0.0001128005742834226, 0.0001106392142808943, 0.00010855235926610085, 0.0001065362045162832, 0.00010458719991435217, 0.00010270202896855984, 0.00010087759001098373, 9.911097905035415e-05, 0.0]}, "Point1": {"TK": [2000, 2000, 1999.0, 1998.0, 1997.0, 1996.0, 1995.0, 1994.0, 1993.0, 1992.0, 1991.0, 1990.0, 1989.0, 1988.0, 1987.0, 1986.0, 1985.0, 1984.0, 1983.0, 1982.0, 1981.0, 1980.0, 1979.0, 1978.0, 1977.0, 1976.0, 1975.0, 1974.0, 1973.0, 1972.0, 1971.0, 1970.0, 1969.0, 1968.0, 1967.0, 1966.0, 1965.0, 1964.0, 1963.0, 1962.0, 1961.0, 1960.0, 1959.0, 1958.0, 1957.0, 1956.0, 1955.0, 1954.0, 1953.0, 1952.0, 1951.0, 1950.0, 1949.0, 1952.8371598031931], "LIQUID": [1.0, 1.0, 1.0, 1.0, 1.0, 1.0, 1.0, 1.0, 1.0, 1.0, 1.0, 1.0, 1.0, 1.0, 1.0, 1.0, 1.0, 1.0, 1.0, 1.0, 1.0, 1.0, 1.0, 1.0, 1.0, 1.0, 1.0, 1.0, 1.0, 1.0, 1.0, 1.0, 1.0, 1.0, 1.0, 1.0, 1.0, 1.0, 1.0, 1.0, 1.0, 1.0, 1.0, 1.0, 1.0, 1.0, 1.0, 1.0, 1.0, 1.0, 1.0, 1.0, 1.0, 0.0]}, "Point2": {"TK": [940.0, 944.8371598031931], "LIQUID": [1.0, 0.0]}}