{"Point0": {"TK": [600.0, 610.0, 620.0, 630.0, 640.0, 650.0, 660.0, 670.0, 680.0, 690.0, 700.0, 710.0, 720.0, 730.0, 740.0, 750.0, 760.0, 770.0, 780.0, 790.0, 800.0, 810.0, 820.0, 830.0, 840.0, 850.0, 860.0, 870.0, 880.0, 890.0, 900.0, 910.0, 920.0, 930.0, 940.0, 950.0, 960.0, 970.0, 980.0, 990.0, 1000.0, 1010.0, 1020.0, 1030.0, 1040.0, 1050.0, 1060.0, 1070.0, 1080.0, 1090.0, 1100.0, 1110.0, 1120.0, 1130.0, 1140.0, 1150.0, 1160.0, 1170.0, 1180.0, 1190.0, 1200.0, 1210.0, 1220.0, 1230.0, 1240.0, 1250.0, 1260.0, 1270.0, 1280.0, 1290.0, 1300.0, 1310.0, 1320.0, 1330.0, 1340.0, 1350.0, 1360.0, 1370.0, 1380.0, 1390.0, 1400.0, 1410.0, 1420.0, 1430.0, 1440.0, 1450.0, 1460.0, 1470.0, 1480.0, 1490.0], "LIQUID": [0, 0, 0, 0, 0, 0, 0, 0, 0, 0, 0, 0, 0, 0, 0, 0, 0, 0, 0, 0, 0, 0, 0, 0, 0, 0, 0, 0, 0, 0, 0, 0, 0, 0, 0, 0, 0, 0, 0, 0, 0, 0, 0, 0, 0, 0, 0, 0, 0, 0, 0, 0, 0, 0, 0, 0, 0, 0, 0, 0, 0, 0, 0, 0, "1.00000000", "1.00000000", "1.00000000", "1.00000000", "1.00000000", "1.00000000", "1.00000000", "1.00000000", "1.00000000", "1.00000000", "1.00000000", "1.00000000", "1.00000000", "1.00000000", "1.00000000", "1.00000000", "1.00000000", "1.00000000", "1.00000000", "1.00000000", "1.00000000", "1.00000000", "1.00000000", "1.00000000", "1.00000000", "1.00000000"], "FCC_A1": ["1.00000000", "1.00000000", "1.00000000", "1.00000000", "1.00000000", "1.00000000", "1.00000000", "1.00000000", "1.00000000", "1.00000000", "1.00000000", "1.00000000", "1.00000000", "1.00000000", "1.00000000", "1.00000000", "1.00000000", "1.00000000", "1.00000000", "1.00000000", "1.00000000", "1.00000000", "1.00000000", "1.00000000", "1.00000000", "1.00000000", "1.00000000", "1.00000000", "1.00000000", "1.00000000", "1.00000000", "1.00000000", "1.00000000", "1.00000000", "1.00000000", "1.00000000", "1.00000000", "1.00000000", "1.00000000", "1.00000000", "1.00000000", "1.00000000", "1.00000000", "1.00000000", "1.00000000", "1.00000000", "1.00000000", "1.00000000", "1.00000000", "1.00000000", "1.00000000", "1.00000000", "1.00000000", "1.00000000", "1.00000000", "1.00000000", "1.00000000", "1.00000000", "1.00000000", "1.00000000", "1.00000000", "1.00000000", "1.00000000", "1.00000000", 0, 0, 0, 0, 0, 0, 0, 0, 0, 0, 0, 0, 0, 0, 0, 0, 0, 0, 0, 0, 0, 0, 0, 0, 0, 0]}, "Point1": {"TK": [600.0, 610.0, 620.0, 630.0, 640.0, 650.0, 660.0, 670.0, 680.0, 690.0, 700.0, 710.0, 720.0, 730.0, 740.0, 750.0, 760.0, 770.0, 780.0, 790.0, 800.0, 810.0, 820.0, 830.0, 840.0, 850.0, 860.0, 870.0, 880.0, 890.0, 900.0, 910.0, 920.0, 930.0, 940.0, 950.0, 960.0, 970.0, 980.0, 990.0, 1000.0, 1010.0, 1020.0, 1030.0, 1040.0, 1050.0, 1060.0, 1070.0, 1080.0, 1090.0, 1100.0, 1110.0, 1120.0, 1130.0, 1140.0, 1150.0, 1160.0, 1170.0, 1180.0, 1190.0, 1200.0, 1210.0, 1220.0, 1230.0, 1240.0, 1250.0, 1260.0, 1270.0, 1280.0, 1290.0, 1300.0, 1310.0, 1320.0, 1330.0, 1340.0, 1350.0, 1360.0, 1370.0, 1380.0, 1390.0, 1400.0, 1410.0, 1420.0, 1430.0, 1440.0, 1450.0, 1460.0, 1470.0, 1480.0, 1490.0], "LIQUID": [0, 0, 0, 0, 0, 0, 0, 0, 0, 0, 0, 0, 0, 0, 0, 0, 0, 0, 0, 0, 0, 0, 0, 0, 0, 0, 0, 0, 0, 0, 0, 0, 0, 0, 0, 0, 0, 0, 0, 0, 0, 0, 0, 0, 0, 0, 0, 0, 0, 0, 0, 0, 0, 0, 0, 0, 0, 0, 0, "0.02150771", "0.27320420", "0.75679718", "1.00000000", "1.00000000", "1.00000000", "1.00000000", "1.00000000", "1.00000000", "1.00000000", "1.00000000", "1.00000000", "1.00000000", "1.00000000", "1.00000000", "1.00000000", "1.00000000", "1.00000000", "1.00000000", "1.00000000", "1.00000000", "1.00000000", "1.00000000", "1.00000000", "1.00000000", "1.00000000", "1.00000000", "1.00000000", "1.00000000", "1.00000000", "1.00000000"], "FCC_A1": ["1.00000000", "1.00000000", "1.00000000", "1.00000000", "1.00000000", "1.00000000", "1.00000000", "1.00000000", "1.00000000", "1.00000000", "1.00000000", "1.00000000", "1.00000000", "1.00000000", "1.00000000", "1.00000000", "1.00000000", "1.00000000", "1.00000000", "1.00000000", "1.00000000", "1.00000000", "1.00000000", "1.00000000", "1.00000000", "1.00000000", "1.00000000", "1.00000000", "1.00000000", "1.00000000", "1.00000000", "1.00000000", "1.00000000", "1.00000000", "1.00000000", "1.00000000", "1.00000000", "1.00000000", "1.00000000", "1.00000000", "1.00000000", "1.00000000", "1.00000000", "1.00000000", "1.00000000", "1.00000000", "1.00000000", "1.00000000", "1.00000000", "1.00000000", "1.00000000", "1.00000000", "1.00000000", "1.00000000", "1.00000000", "1.00000000", "1.00000000", "1.00000000", "1.00000000", "0.97849229", "0.72679580", "0.24320282", 0, 0, 0, 0, 0, 0, 0, 0, 0, 0, 0, 0, 0, 0, 0, 0, 0, 0, 0, 0, 0, 0, 0, 0, 0, 0, 0, 0]}, "Point2": {"TK": [600.0, 610.0, 620.0, 630.0, 640.0, 650.0, 660.0, 670.0, 680.0, 690.0, 700.0, 710.0, 720.0, 730.0, 740.0, 750.0, 760.0, 770.0, 780.0, 790.0, 800.0, 810.0, 820.0, 830.0, 840.0, 850.0, 860.0, 870.0, 880.0, 890.0, 900.0, 910.0, 920.0, 930.0, 940.0, 950.0, 960.0, 970.0, 980.0, 990.0, 1000.0, 1010.0, 1020.0, 1030.0, 1040.0, 1050.0, 1060.0, 1070.0, 1080.0, 1090.0, 1100.0, 1110.0, 1120.0, 1130.0, 1140.0, 1150.0, 1160.0, 1170.0, 1180.0, 1190.0, 1200.0, 1210.0, 1220.0, 1230.0, 1240.0, 1250.0, 1260.0, 1270.0, 1280.0, 1290.0, 1300.0, 1310.0, 1320.0, 1330.0, 1340.0, 1350.0, 1360.0, 1370.0, 1380.0, 1390.0, 1400.0, 1410.0, 1420.0, 1430.0, 1440.0, 1450.0, 1460.0, 1470.0, 1480.0, 1490.0], "LIQUID": [0, 0, 0, 0, 0, 0, 0, 0, 0, 0, 0, 0, 0, 0, 0, 0, 0, 0, 0, 0, 0, 0, 0, 0, 0, 0, 0, 0, 0, 0, 0, 0, 0, 0, 0, 0, 0, 0, 0, 0, 0, 0, 0, 0, 0, 0, 0, 0, 0, 0, 0, 0, 0, 0, "0.03407906", "0.11183048", "0.21846973", "0.36760194", "0.58282546", "0.90887070", "1.00000000", "1.00000000", "1.00000000", "1.00000000", "1.00000000", "1.00000000", "1.00000000", "1.00000000", "1.00000000", "1.00000000", "1.00000000", "1.00000000", "1.00000000", "1.00000000", "1.00000000", "1.00000000", "1.00000000", "1.00000000", "1.00000000", "1.00000000", "1.00000000", "1.00000000", "1.00000000", "1.00000000", "1.00000000", "1.00000000", "1.00000000", "1.00000000", "1.00000000", "1.00000000"], "FCC_A1": ["1.00000000", "1.00000000", "1.00000000", "1.00000000", "1.00000000", "1.00000000", "1.00000000", "1.00000000", "1.00000000", "1.00000000", "1.00000000", "1.00000000", "1.00000000", "1.00000000", "1.00000000", "1.00000000", "1.00000000", "1.00000000", "1.00000000", "1.00000000", "1.00000000", "1.00000000", "1.00000000", "1.00000000", "1.00000000", "1.00000000", "1.00000000", "1.00000000", "1.00000000", "1.00000000", "1.00000000", "1.00000000", "1.00000000", "1.00000000", "1.00000000", "1.00000000", "1.00000000", "1.00000000", "1.00000000", "1.00000000", "1.00000000", "1.00000000", "1.00000000", "1.00000000", "1.00000000", "1.00000000", "1.00000000", "1.00000000", "1.00000000", "1.00000000", "1.00000000", "1.00000000", "1.00000000", "1.00000000", "0.96592094", "0.88816952", "0.78153027", "0.63239806", "0.41717454", "0.09112930", 0, 0, 0, 0, 0, 0, 0, 0, 0, 0, 0, 0, 0, 0, 0, 0, 0, 0, 0, 0, 0, 0, 0, 0, 0, 0, 0, 0, 0, 0]}, "Point3": {"TK": [600.0, 610.0, 620.0, 630.0, 640.0, 650.0, 660.0, 670.0, 680.0, 690.0, 700.0, 710.0, 720.0, 730.0, 740.0, 750.0, 760.0, 770.0, 780.0, 790.0, 800.0, 810.0, 820.0, 830.0, 840.0, 850.0, 860.0, 870.0, 880.0, 890.0, 900.0, 910.0, 920.0, 930.0, 940.0, 950.0, 960.0, 970.0, 980.0, 990.0, 1000.0, 1010.0, 1020.0, 1030.0, 1040.0, 1050.0, 1060.0, 1070.0, 1080.0, 1090.0, 1100.0, 1110.0, 1120.0, 1130.0, 1140.0, 1150.0, 1160.0, 1170.0, 1180.0, 1190.0, 1200.0, 1210.0, 1220.0, 1230.0, 1240.0, 1250.0, 1260.0, 1270.0, 1280.0, 1290.0, 1300.0, 1310.0, 1320.0, 1330.0, 1340.0, 1350.0, 1360.0, 1370.0, 1380.0, 1390.0, 1400.0, 1410.0, 1420.0, 1430.0, 1440.0, 1450.0, 1460.0, 1470.0, 1480.0, 1490.0],