{"Point0": {"TK": [600.0, 640.0, 680.0, 720.0, 760.0, 800.0, 840.0, 880.0, 920.0, 960.0, 1000.0, 1040.0, 1080.0, 1120.0, 1160.0, 1200.0, 1240.0, 1280.0, 1320.0, 1360.0, 1400.0, 1440.0, 1480.0, 1520.0, 1560.0, 1600.0, 1640.0, 1680.0, 1720.0, 1760.0, 1800.0, 1840.0, 1880.0, 1920.0, 1960.0], "FCC_A1": ["1.00000000", "1.00000000", "1.00000000", "1.00000000", "1.00000000", "1.00000000", "1.00000000", "1.00000000", "1.00000000", "1.00000000", "1.00000000", "1.00000000", "1.00000000", "1.00000000", "1.00000000", "1.00000000", 0, 0, 0, 0, 0, 0, 0, 0, 0, 0, 0, 0, 0, 0, 0, 0, 0, 0, 0], "LIQUID": [0, 0, 0, 0, 0, 0, 0, 0, 0, 0, 0, 0, 0, 0, 0, 0, "1.00000000", "1.00000000", "1.00000000", "1.00000000", "1.00000000", "1.00000000", "1.00000000", "1.00000000", "1.00000000", "1.00000000", "1.00000000", "1.00000000", "1.00000000", "1.00000000", "1.00000000", "1.00000000", "1.00000000", "1.00000000", "1.00000000"]}, "Point1": {"TK": [600.0, 640.0, 680.0, 720.0, 760.0, 800.0, 840.0, 880.0, 920.0, 960.0, 1000.0, 1040.0, 1080.0, 1120.0, 1160.0, 1200.0, 1240.0, 1280.0, 1320.0, 1360.0, 1400.0, 1440.0, 1480.0, 1520.0, 1560.0, 1600.0, 1640.0, 1680.0, 1720.0, 1760.0, 1800.0, 1840.0, 1880.0, 1920.0, 1960.0], "FCC_A1": ["1.00000000", "1.00000000", "1.00000000", "1.00000000", "1.00000000", "1.00000000", "1.00000000", "1.00000000", "1.00000000", "1.00000000", "1.00000000", "1.00000000", "1.00000000", "1.00000000", "1.00000000", "1.00000000", "1.00000000", "1.00000000", "1.00000000", 0, 0, 0, 0, 0, 0, 0, 0, 0, 0, 0, 0, 0, 0, 0, 0], "LIQUID": [0, 0, 0, 0, 0, 0, 0, 0, 0, 0, 0, 0, 0, 0, 0, 0, 0, 0, 0, "1.00000000", "1.00000000", "1.00000000", "1.00000000", "1.00000000", "1.00000000", "1.00000000", "1.00000000", "1.00000000", "1.00000000", "1.00000000", "1.00000000", "1.00000000", "1.00000000", "1.00000000", "1.00000000"]}, "Point2": {"TK": [600.0, 640.0, 680.0, 720.0, 760.0, 800.0, 840.0, 880.0, 920.0, 960.0, 1000.0, 1040.0, 1080.0, 1120.0, 1160.0, 1200.0, 1240.0, 1280.0, 1320.0, 1360.0, 1400.0, 1440.0, 1480.0, 1520.0, 1560.0, 1600.0, 1640.0, 1680.0, 1720.0, 1760.0, 1800.0, 1840.0, 1880.0, 1920.0, 1960.0], "FCC_A1": ["1.00000000", "1.00000000", "1.00000000", "1.00000000", "1.00000000", "1.00000000", "1.00000000", "1.00000000", "1.00000000", 0, 0, 0, 0, 0, 0, 0, 0, 0, 0, 0, 0, 0, 0, 0, 0, 0, 0, 0, 0, 0, 0, 0, 0, 0, 0], "LIQUID": [0, 0, 0, 0, 0, 0, 0, 0, 0, "1.00000000", "1.00000000", "1.00000000", "1.00000000", "1.00000000", "1.00000000", "1.00000000", "1.00000000", "1.00000000", "1.00000000", "1.00000000", "1.00000000", "1.00000000", "1.00000000", "1.00000000", "1.00000000", "1.00000000", "1.00000000", "1.00000000", "1.00000000", "1.00000000", "1.00000000", "1.00000000", "1.00000000", "1.00000000", "1.00000000"]}}