{"Point0": {"TK": [1240.0, 1240.0, 1239.0, 1238.0, 1237.0, 1236.0, 1235.0, 1234.8061933005322], "FCC_A1": [0.0, 0.0, 0.0, 0.0, 0.0, 0.0, 0.0, 1.0], "LIQUID": [1.0, 1.0, 1.0, 1.0, 1.0, 1.0, 1.0, 0.0]}, "Point1": {"TK": [1360.0, 1360.0, 1359.0, 1358.0, 1357.8061933005322, 1357.6123866010644], "FCC_A1": [0.0, 0.0, 0.0, 0.0, 0.0, 1.0], "LIQUID": [1.0, 1.0, 1.0, 1.0, 1.0, 0.0]}, "Point2": {"TK": [960.0, 960.0, 959.0, 958.0, 957.0, 956.0, 955.0, 954.0, 953.0, 952.0, 951.0, 950.0, 949.0, 948.0, 947.0, 946.0, 945.0, 944.0, 943.0, 942.0, 941.0, 940.0, 939.0, 938.0, 937.0, 936.0, 935.0, 934.0, 933.5177469135803, 933.3239402141124], "FCC_A1": [0.0, 0.0, 0.0, 0.0, 0.0, 0.0, 0.0, 0.0, 0.0, 0.0, 0.0, 0.0, 0.0, 0.0, 0.0, 0.0, 0.0, 0.0, 0.0, 0.0, 0.0, 0.0, 0.0, 0.0, 0.0, 0.0, 0.0, 0.0, 0.0, 1.0], "LIQUID": [1.0, 1.0, 1.0, 1.0, 1.0, 1.0, 1.0, 1.0, 1.0, 1.0, 1.0, 1.0, 1.0, 1.0, 1.0, 1.0, 1.0, 1.0, 1.0, 1.0, 1.0, 1.0, 1.0, 1.0, 1.0, 1.0, 1.0, 1.0, 1.0, 0.0]}}