{"Point0": {"TK": 1525.21630859375, "STD": 92.57119750976562}, "Point1": {"TK": 1783.68310546875, "STD": 19.818208694458008}, "Point2": {"TK": 1536.16015625, "STD": 25.421876907348633}, "Point3": {"TK": 1356.5272216796875, "STD": 125.88929748535156}}