{"Point0": {"TK": [1360.0, 1360.0, 1359.0, 1358.0, 1357.0, 1356.0, 1355.0, 1354.0, 1353.0, 1352.0, 1351.0, 1350.0, 1349.0, 1348.0, 1347.0, 1346.0, 1345.0, 1344.0, 1343.0, 1342.0, 1341.0, 1340.0, 1339.0, 1338.0, 1337.0, 1336.0, 1335.0, 1334.0, 1333.0, 1332.0, 1331.0, 1330.0, 1329.0, 1328.0, 1327.0, 1326.0, 1325.0, 1324.0, 1323.0, 1322.0, 1321.0, 1320.0, 1319.0, 1318.0, 1317.0, 1316.0, 1315.0, 1314.0, 1313.0, 1312.0, 1311.0, 1310.0, 1309.0, 1308.0, 1307.0, 1306.0, 1305.0, 1304.0, 1303.0, 1302.0, 1301.0, 1300.0, 1299.0, 1298.0, 1297.0, 1296.0, 1295.0, 1295.0], "FCC_A1": [0.0, 0.0, 0.0, 0.0, 0.9911679226313372, 0.004991652935481454, 0.0013891817457472953, 0.0006524414067267551, 0.00037894410619423145, 0.0002476186938853393, 0.00017447856158382975, 0.00012957422748559653, 0.00010002891136428966, 7.955503402752469e-05, 6.478375217321153e-05, 5.377721503805631e-05, 4.535625125137062e-05, 3.876983956619739e-05, 3.352117046884812e-05, 2.927095049513928e-05, 2.578103720218966e-05, 2.2880293385705898e-05, 2.044316797195476e-05, 1.837586043547862e-05, 1.6607153168683512e-05, 1.5082180857111423e-05, 1.375812931512966e-05, 1.260118648027231e-05, 1.1584368928107972e-05, 1.0685925743028284e-05, 9.888170138591737e-06, 9.176598619358357e-06, 8.539229629389096e-06, 7.966092065334715e-06, 7.44883691957622e-06, 6.980428308410309e-06, 6.5549038149153235e-06, 6.167183238429846e-06, 5.812918716648879e-06, 5.488367881281042e-06, 5.190299331080143e-06, 4.915907813447027e-06, 4.6627508146120365e-06, 4.42869281681749e-06, 4.2118594386122006e-06, 4.010601679590999e-06, 3.823462509393375e-06, 3.6491519254451685e-06, 3.48652348672542e-06, 3.3345565118258517e-06, 3.192339290389249e-06, 3.0590551925930376e-06, 2.9339712291427114e-06, 2.816429184211802e-06, 2.705834351092794e-06, 2.6016497659688733e-06, 2.503390086742308e-06, 2.410614099798248e-06, 2.32292137190324e-06, 2.239947512518419e-06, 2.161359972523146e-06, 2.086855016546226e-06, 2.0161547727538065e-06, 1.9490046631650503e-06, 1.8851709471122074e-06, 1.8244388842507722e-06, 1.7666109619993415e-06, 1.7356733252175732e-06], "LIQUID": [1.0, 1.0, 1.0, 1.0, 0.00883207736866276, 0.003840424433181333, 0.0024512426874340187, 0.0017988012807073073, 0.001419857174513095, 0.001172238480627752, 0.000997759919043939, 0.0008681856915583319, 0.0007681567801940403, 0.0006886017461664729, 0.0006238179939932476, 0.000570040778955172, 0.0005246845277038226, 0.00048591468813763417, 0.0004523935176687921, 0.0004231225671736949, 0.0003973415299715066, 0.0003744612365857991, 0.0003540180686137928, 0.0003356422081782773, 0.00031903505500963103, 0.00030395287415252437, 0.00029019474483737984, 0.0002775935583571032, 0.000266009189428984, 0.00025532326368593594, 0.0002454350935473526, 0.0002362584949280322, 0.0002277192652986315, 0.0002197531732333058, 0.0002123043363136956, 0.00020532390800531708, 0.0001987690041903578, 0.000192601820951932, 0.00018678890223533529, 0.00018130053435405635, 0.00017611023502295264, 0.00017119432720946737, 0.00016653157639490157, 0.00016210288357809688, 0.0001578910241394338, 0.00015388042245989553, 0.0001500569599505175, 0.00014640780802510633, 0.0001429212845384109, 0.00013958672802660832, 0.00013639438873624954, 0.00013333533354364935, 0.00013040136231445842, 0.00012758493313025365, 0.00012487909877911818, 0.00012227744901316395, 0.00011977405892638071, 0.00011736344482660144, 0.00011504052345467919, 0.00011280057594220683, 0.00011063921596965454, 0.00010855236095308474, 0.00010653620618028548, 0.00010458720151707013, 0.00010270203056994553, 0.00010087759168564414, 9.91109807236823e-05, 0.0]}, "Point1": {"TK": [940.0, 940.0, 939.0, 938.0, 937.0, 936.0, 935.0, 934.0, 934.0, 934.0, 934.0, 934.0, 933.5177469135803, 933.5177469135803, 933.5177469135803, 933.5177469135803, 933.5177469135803, 933.5177469135803, 933.3239402141124], "FCC_A1": [0.0, 0.0, 0.0, 0.0, 0.0, 0.0, 0.0, 0.0, 0.0, 0.0, 0.0, 0.0, 0.0, 0.0, 0.0, 0.0, 0.0, 0.0, 1.0], "LIQUID": [1.0, 1.0, 1.0, 1.0, 1.0, 1.0, 1.0, 1.0, 1.0, 1.0, 1.0, 1.0, 1.0, 1.0, 1.0, 1.0, 1.0, 1.0, 0.0]}, "Point2": {"TK": [1240.0, 1240.0, 1239.0, 1238.0, 1237.0, 1236.0, 1235.0, 1235.0, 1235.0, 1235.0, 1235.0, 1235.0, 1235.0, 1235.0, 1235.0, 1235.0, 1234.8061933005322], "FCC_A1": [0.0, 0.0, 0.0, 0.0, 0.0, 0.0, 0.0, 0.0, 0.0, 0.0, 0.0, 0.0, 0.0, 0.0, 0.0, 0.0, 0.9999999999453971], "LIQUID": [1.0, 1.0, 1.0, 1.0, 1.0, 1.0, 1.0, 1.0, 1.0, 1.0, 1.0, 1.0, 1.0, 1.0, 1.0, 1.0, 0.0]}}