{"Point0": {"FCC_A1": [1e-30, 1e-30, 1e-30, 1.0], "LIQUID": [1.0, 1.0, 1.0, 0.0], "TK": [1357.8600000000001, 1357.8600000000001, 1357.8600000000001, 1357.7599999999998]}, "Point1": {"FCC_A1": [1e-30, 1e-30, 1e-30, 1.0], "LIQUID": [1.0, 1.0, 1.0, 0.0], "TK": [933.5609999999999, 933.5609999999999, 933.5609999999999, 933.465]}, "Point2": {"FCC_A1": [1e-30, 1e-30, 1e-30, 1.0], "LIQUID": [1.0, 1.0, 1.0, 0.0], "TK": [1235.02, 1235.02, 1235.02, 1234.92]}}