{"Point0": {"TK": [1360.0, 1360.0, 1359.0, 1358.0, 1357.0, 1356.0, 1355.0, 1354.0, 1353.0, 1352.0, 1351.0, 1350.0, 1349.0, 1348.0, 1347.0, 1346.0, 1345.0, 1344.0, 1343.0, 1342.0, 1341.0, 1340.0, 1339.0, 1338.0, 1337.0, 1336.0, 1335.0, 1334.0, 1333.0, 1332.0, 1331.0, 1330.0, 1329.0, 1328.0, 1327.0, 1326.0, 1325.0, 1324.0, 1323.0, 1322.0, 1321.0, 1320.0, 1319.0, 1318.0, 1317.0, 1316.0, 1315.0, 1314.0, 1313.0, 1312.0, 1311.0, 1310.0, 1309.0, 1308.0, 1307.0, 1306.0, 1305.0, 1304.0, 1303.0, 1302.0, 1301.0, 1300.0, 1299.0, 1298.0, 1297.0, 1296.0, 1295.0, 1295.0], "FCC_A1": [0.0, 0.0, 0.0, 0.0, 0.9911679226233624, 0.004991652937839465, 0.0013891817475133025, 0.0006524414095222627, 0.00037894410765327733, 0.0002476186916895782, 0.00017447856179906356, 0.00012957423303304967, 0.00010002891108090484, 7.955503524935252e-05, 6.478375434571905e-05, 5.37772127122598e-05, 4.535625046922219e-05, 3.876983889735797e-05, 3.352116967209302e-05, 2.9270949733716594e-05, 2.5781037064964195e-05, 2.2880292614742144e-05, 2.0443167786350586e-05, 1.8375860998716953e-05, 1.6607153384830233e-05, 1.5082181378322908e-05, 1.3758128266016023e-05, 1.2601186448418384e-05, 1.158436875516893e-05, 1.0685925592155037e-05, 9.888169719954805e-06, 9.176598807939608e-06, 8.539229803512507e-06, 7.96609218128267e-06, 7.448836692239046e-06, 6.980428329309673e-06, 6.554903601188438e-06, 6.167183237505104e-06, 5.812918494483473e-06, 5.488367895815885e-06, 5.190299491502534e-06, 4.915907816985803e-06, 4.6627508154779354e-06, 4.428692684259098e-06, 4.2118591478586775e-06, 4.0106015140388055e-06, 3.823462618517922e-06, 3.649151971122621e-06, 3.486523562128166e-06, 3.3345566790142665e-06, 3.192339258139307e-06, 3.0590550890923305e-06, 2.9339715067045844e-06, 2.816429205663572e-06, 2.7058342687694572e-06, 2.601649992793397e-06, 2.5033900498584173e-06, 2.4106140602727057e-06, 2.3229213875141905e-06, 2.239947646707958e-06, 2.1613600092038883e-06, 2.086855056939916e-06, 2.01615473785546e-06, 1.949004683218412e-06, 1.8851709788650541e-06, 1.8244389437191951e-06, 1.7666109718648336e-06, 1.73567333458768e-06], "LIQUID": [1.0, 1.0, 1.0, 1.0, 0.008832077376637604, 0.0038404244387981734, 0.0024512426912848273, 0.0017988012817625743, 0.001419857174109307, 0.001172238482419763, 0.0009977599206206778, 0.0008681856875876193, 0.0007681567765067676, 0.0006886017412573997, 0.00062381798691169, 0.0005700407741994207, 0.0005246845237302233, 0.0004859146848328333, 0.00045239351516068727, 0.000423122565426981, 0.0003973415283620163, 0.00037446123574724766, 0.00035401806796087065, 0.000335642206962139, 0.0003190350535773323, 0.00030395287219897593, 0.00029019474393299216, 0.0002775935574845789, 0.00026600918872943247, 0.0002553232631372637, 0.0002454350934173455, 0.00023625849460939818, 0.00022771926480591453, 0.00021975317262468153, 0.00021230433593244502, 0.00020532390760308328, 0.00019876900400184194, 0.00019260182076430432, 0.00018678890226986322, 0.00018130053437404037, 0.00017611023488250943, 0.00017119432706547144, 0.00016653157625001747, 0.0001621028835657734, 0.00015789102441787772, 0.00015388042290387371, 0.00015005696028536075, 0.0001464078083142084, 0.00014292128475212884, 0.00013958672807312666, 0.00013639438881496435, 0.00013333533372583695, 0.00013040136221909027, 0.0001275849330134582, 0.00012487909874470127, 0.00012227744875192847, 0.00011977405870211566, 0.00011736344464186033, 0.00011504052325439496, 0.00011280057560769663, 0.00011063921559850698, 0.00010855236054152506, 0.00010653620580369783, 0.00010458720112049846, 0.00010270203014162149, 0.00010087759119792317, 9.911098022608034e-05, 0.0]}, "Point1": {"TK": [940.0, 940.0, 939.0, 938.0, 937.0, 936.0, 935.0, 934.0, 934.0, 934.0, 934.0, 934.0, 933.5177469135803, 933.5177469135803, 933.5177469135803, 933.5177469135803, 933.5177469135803, 933.5177469135803, 933.3239402141124], "FCC_A1": [0.0, 0.0, 0.0, 0.0, 0.0, 0.0, 0.0, 0.0, 0.0, 0.0, 0.0, 0.0, 0.0, 0.0, 0.0, 0.0, 0.0, 0.0, 1.0], "LIQUID": [1.0, 1.0, 1.0, 1.0, 1.0, 1.0, 1.0, 1.0, 1.0, 1.0, 1.0, 1.0, 1.0, 1.0, 1.0, 1.0, 1.0, 1.0, 0.0]}, "Point2": {"TK": [1240.0, 1240.0, 1239.0, 1238.0, 1237.0, 1236.0, 1235.0, 1235.0, 1235.0, 1235.0, 1235.0, 1235.0, 1235.0, 1235.0, 1235.0, 1235.0, 1234.8061933005322], "FCC_A1": [0.0, 0.0, 0.0, 0.0, 0.0, 0.0, 0.0, 0.0, 0.0, 0.0, 0.0, 0.0, 0.0, 0.0, 0.0, 0.0, 0.9999999999558824], "LIQUID": [1.0, 1.0, 1.0, 1.0, 1.0, 1.0, 1.0, 1.0, 1.0, 1.0, 1.0, 1.0, 1.0, 1.0, 1.0, 1.0, 0.0]}}